[
    {
        "notas": {
            "nota1": "nota1",
            "nota2": "nota2",
            "nota3": "nota3"
        },
        "nombre": "nombre",
        "apellido": "apellido",
        "asignatura": "asignatura",
        "asistencia_final": "asistencia_final"
    },
    {
        "notas": {
            "nota1": "5.5",
            "nota2": "6.0",
            "nota3": "5.8"
        },
        "nombre": "Juan",
        "apellido": "Perez",
        "asignatura": "Matemáticas",
        "asistencia_final": "75"
    },
    {
        "notas": {
            "nota1": "5.0",
            "nota2": "5.5",
            "nota3": "5.0"
        },
        "nombre": "María",
        "apellido": "Gómez",
        "asignatura": "Ciencias",
        "asistencia_final": "67"
    },
    {
        "notas": {
            "nota1": "6.5",
            "nota2": "6.0",
            "nota3": "6.8"
        },
        "nombre": "Pedro",
        "apellido": "López",
        "asignatura": "Inglés",
        "asistencia_final": "80"
    },
    {
        "notas": {
            "nota1": "4.5",
            "nota2": "5.0",
            "nota3": "4.2"
        },
        "nombre": "Ana",
        "apellido": "Rodríguez",
        "asignatura": "Historia",
        "asistencia_final": "55"
    },
    {
        "notas": {
            "nota1": "6.0",
            "nota2": "5.7",
            "nota3": "6.5"
        },
        "nombre": "Luis",
        "apellido": "Martínez",
        "asignatura": "Geografía",
        "asistencia_final": "72"
    },
    {
        "notas": {
            "nota1": "5.5",
            "nota2": "5.0",
            "nota3": "5.8"
        },
        "nombre": "Sofía",
        "apellido": "Hernández",
        "asignatura": "Arte",
        "asistencia_final": "85"
    },
    {
        "notas": {
            "nota1": "6.0",
            "nota2": "6.5",
            "nota3": "6.3"
        },
        "nombre": "Carlos",
        "apellido": "Ramírez",
        "asignatura": "Biología",
        "asistencia_final": "62"
    },
    {
        "notas": {
            "nota1": "6.5",
            "nota2": "6.0",
            "nota3": "6.8"
        },
        "nombre": "Laura",
        "apellido": "Díaz",
        "asignatura": "Química",
        "asistencia_final": "78"
    },
    {
        "notas": {
            "nota1": "4.5",
            "nota2": "5.0",
            "nota3": "4.2"
        },
        "nombre": "Andrés",
        "apellido": "Torres",
        "asignatura": "Física",
        "asistencia_final": "50"
    },
    {
        "notas": {
            "nota1": "6.0",
            "nota2": "5.7",
            "nota3": "6.5"
        },
        "nombre": "Valeria",
        "apellido": "Castro",
        "asignatura": "Educación Física",
        "asistencia_final": "69"
    },
    {
        "notas": {
            "nota1": "5.5",
            "nota2": "5.0",
            "nota3": "5.8"
        },
        "nombre": "Javier",
        "apellido": "Ruiz",
        "asignatura": "Literatura",
        "asistencia_final": "77"
    },
    {
        "notas": {
            "nota1": "6.0",
            "nota2": "6.5",
            "nota3": "6.3"
        },
        "nombre": "Isabel",
        "apellido": "Molina",
        "asignatura": "Economía",
        "asistencia_final": "61"
    },
    {
        "notas": {
            "nota1": "5.0",
            "nota2": "5.5",
            "nota3": "5.0"
        },
        "nombre": "Daniel",
        "apellido": "Sánchez",
        "asignatura": "Informática",
        "asistencia_final": "84"
    },
    {
        "notas": {
            "nota1": "6.5",
            "nota2": "6.0",
            "nota3": "6.8"
        },
        "nombre": "Marta",
        "apellido": "Navarro",
        "asignatura": "Sociología",
        "asistencia_final": "56"
    },
    {
        "notas": {
            "nota1": "4.5",
            "nota2": "5.0",
            "nota3": "4.2"
        },
        "nombre": "Roberto",
        "apellido": "García",
        "asignatura": "Psicología",
        "asistencia_final": "79"
    },
    {
        "notas": {
            "nota1": "6.0",
            "nota2": "5.7",
            "nota3": "6.5"
        },
        "nombre": "Lucía",
        "apellido": "Rojas",
        "asignatura": "Dibujo Técnico",
        "asistencia_final": "63"
    },
    {
        "notas": {
            "nota1": "5.5",
            "nota2": "5.0",
            "nota3": "5.8"
        },
        "nombre": "Gabriel",
        "apellido": "Sosa",
        "asignatura": "Música",
        "asistencia_final": "71"
    },
    {
        "notas": {
            "nota1": "6.0",
            "nota2": "6.5",
            "nota3": "6.3"
        },
        "nombre": "Alejandra",
        "apellido": "Morales",
        "asignatura": "Religión",
        "asistencia_final": "88"
    },
    {
        "notas": {
            "nota1": "4.5",
            "nota2": "5.0",
            "nota3": "4.2"
        },
        "nombre": "Diego",
        "apellido": "Paz",
        "asignatura": "Filosofía",
        "asistencia_final": "58"
    },
    {
        "notas": {
            "nota1": "5.0",
            "nota2": "5.5",
            "nota3": "5.0"
        },
        "nombre": "Carolina",
        "apellido": "Rodríguez",
        "asignatura": "Geometría",
        "asistencia_final": "46"
    },
    {
        "notas": {
            "nota1": "6.5",
            "nota2": "6.0",
            "nota3": "6.8"
        },
        "nombre": "Fernando",
        "apellido": "Chávez",
        "asignatura": "Programación",
        "asistencia_final": "70"
    },
    {
        "notas": {
            "nota1": "5.5",
            "nota2": "5.0",
            "nota3": "5.8"
        },
        "nombre": "Camila",
        "apellido": "Flores",
        "asignatura": "Inglés Avanzado",
        "asistencia_final": "83"
    },
    {
        "notas": {
            "nota1": "6.0",
            "nota2": "6.5",
            "nota3": "6.3"
        },
        "nombre": "Mateo",
        "apellido": "Rivera",
        "asignatura": "Matemáticas Aplicadas",
        "asistencia_final": "75"
    },
    {
        "notas": {
            "nota1": "5.0",
            "nota2": "5.5",
            "nota3": "5.0"
        },
        "nombre": "Sara",
        "apellido": "Juárez",
        "asignatura": "Ciencias Ambientales",
        "asistencia_final": "54"
    },
    {
        "notas": {
            "nota1": "6.5",
            "nota2": "6.0",
            "nota3": "6.8"
        },
        "nombre": "Nicolás",
        "apellido": "Góngora",
        "asignatura": "Historia del Arte",
        "asistencia_final": "66"
    },
    {
        "notas": {
            "nota1": "4.5",
            "nota2": "5.0",
            "nota3": "4.2"
        },
        "nombre": "Valentina",
        "apellido": "Silva",
        "asignatura": "Geografía Humana",
        "asistencia_final": "90"
    },
    {
        "notas": {
            "nota1": "6.0",
            "nota2": "5.7",
            "nota3": "6.5"
        },
        "nombre": "Juanita",
        "apellido": "Romero",
        "asignatura": "Arquitectura",
        "asistencia_final": "59"
    },
    {
        "notas": {
            "nota1": "5.5",
            "nota2": "5.0",
            "nota3": "5.8"
        },
        "nombre": "Antonio",
        "apellido": "Santana",
        "asignatura": "Escultura",
        "asistencia_final": "74"
    },
    {
        "notas": {
            "nota1": "6.0",
            "nota2": "6.5",
            "nota3": "6.3"
        },
        "nombre": "Adriana",
        "apellido": "Vargas",
        "asignatura": "Pintura",
        "asistencia_final": "57"
    },
    {
        "notas": {
            "nota1": "4.5",
            "nota2": "5.0",
            "nota3": "4.2"
        },
        "nombre": "Ricardo",
        "apellido": "Mendoza",
        "asignatura": "Danza",
        "asistencia_final": "86"
    },
    {
        "notas": {
            "nota1": "6.0",
            "nota2": "5.7",
            "nota3": "6.5"
        },
        "nombre": "Paula",
        "apellido": "Herrera",
        "asignatura": "Teatro",
        "asistencia_final": "68"
    },
    {
        "notas": {
            "nota1": "5.5",
            "nota2": "5.0",
            "nota3": "5.8"
        },
        "nombre": "Martín",
        "apellido": "Peralta",
        "asignatura": "Cine",
        "asistencia_final": "52"
    },
    {
        "notas": {
            "nota1": "6.0",
            "nota2": "6.5",
            "nota3": "6.3"
        },
        "nombre": "Victoria",
        "apellido": "Guzmán",
        "asignatura": "Televisión",
        "asistencia_final": "73"
    },
    {
        "notas": {
            "nota1": "4.5",
            "nota2": "5.0",
            "nota3": "4.2"
        },
        "nombre": "Manuel",
        "apellido": "Cabrera",
        "asignatura": "Radio",
        "asistencia_final": "87"
    },
    {
        "notas": {
            "nota1": "6.5",
            "nota2": "6.0",
            "nota3": "6.8"
        },
        "nombre": "Julia",
        "apellido": "Serrano",
        "asignatura": "Periodismo",
        "asistencia_final": "60"
    },
    {
        "notas": {
            "nota1": "5.5",
            "nota2": "5.0",
            "nota3": "5.8"
        },
        "nombre": "Hugo",
        "apellido": "Reyes",
        "asignatura": "Publicidad",
        "asistencia_final": "81"
    },
    {
        "notas": {
            "nota1": "6.0",
            "nota2": "6.5",
            "nota3": "6.3"
        },
        "nombre": "Ana María",
        "apellido": "Flores",
        "asignatura": "Marketing",
        "asistencia_final": "64"
    },
    {
        "notas": {
            "nota1": "4.5",
            "nota2": "5.0",
            "nota3": "4.2"
        },
        "nombre": "Ernesto",
        "apellido": "Sánchez",
        "asignatura": "Estadística",
        "asistencia_final": "89"
    },
    {
        "notas": {
            "nota1": "6.0",
            "nota2": "5.7",
            "nota3": "6.5"
        },
        "nombre": "Bárbara",
        "apellido": "Martínez",
        "asignatura": "Finanzas",
        "asistencia_final": "65"
    },
    {
        "notas": {
            "nota1": "5.5",
            "nota2": "5.0",
            "nota3": "5.8"
        },
        "nombre": "Arturo",
        "apellido": "Pérez",
        "asignatura": "Contabilidad",
        "asistencia_final": "76"
    },
    {
        "notas": {
            "nota1": "6.0",
            "nota2": "6.5",
            "nota3": "6.3"
        },
        "nombre": "Lucas",
        "apellido": "Gómez",
        "asignatura": "Economía Internacional",
        "asistencia_final": "53"
    },
    {
        "notas": {
            "nota1": "4.5",
            "nota2": "5.0",
            "nota3": "4.2"
        },
        "nombre": "Renata",
        "apellido": "Rivero",
        "asignatura": "Relaciones Internacionales",
        "asistencia_final": "72"
    },
    {
        "notas": {
            "nota1": "6.0",
            "nota2": "5.7",
            "nota3": "6.5"
        },
        "nombre": "Ismael",
        "apellido": "Rodríguez",
        "asignatura": "Cooperación Internacional",
        "asistencia_final": "82"
    },
    {
        "notas": {
            "nota1": "5.5",
            "nota2": "5.0",
            "nota3": "5.8"
        },
        "nombre": "Alicia",
        "apellido": "Soto",
        "asignatura": "Derecho Internacional",
        "asistencia_final": "47"
    },
    {
        "notas": {
            "nota1": "6.0",
            "nota2": "6.5",
            "nota3": "6.3"
        },
        "nombre": "Gonzalo",
        "apellido": "Ortega",
        "asignatura": "Derechos Humanos",
        "asistencia_final": "79"
    },
    {
        "notas": {
            "nota1": "4.5",
            "nota2": "5.0",
            "nota3": "4.2"
        },
        "nombre": "Lorena",
        "apellido": "Molina",
        "asignatura": "Arbitraje",
        "asistencia_final": "55"
    },
    {
        "notas": {
            "nota1": "6.5",
            "nota2": "6.0",
            "nota3": "6.8"
        },
        "nombre": "Agustín",
        "apellido": "Fernández",
        "asignatura": "Medicina",
        "asistencia_final": "68"
    },
    {
        "notas": {
            "nota1": "5.5",
            "nota2": "5.0",
            "nota3": "5.8"
        },
        "nombre": "Julieta",
        "apellido": "López",
        "asignatura": "Pediatría",
        "asistencia_final": "71"
    },
    {
        "notas": {
            "nota1": "6.0",
            "nota2": "6.5",
            "nota3": "6.3"
        },
        "nombre": "Camilo",
        "apellido": "Suárez",
        "asignatura": "Cardiología",
        "asistencia_final": "50"
    },
    {
        "notas": {
            "nota1": "4.5",
            "nota2": "5.0",
            "nota3": "4.2"
        },
        "nombre": "Valeria",
        "apellido": "Navarro",
        "asignatura": "Neurología",
        "asistencia_final": "87"
    },
    {
        "notas": {
            "nota1": "6.0",
            "nota2": "5.7",
            "nota3": "6.5"
        },
        "nombre": "Samuel",
        "apellido": "García",
        "asignatura": "Geriatría",
        "asistencia_final": "66"
    },
    {
        "notas": {
            "nota1": "5.5",
            "nota2": "5.0",
            "nota3": "5.8"
        },
        "nombre": "Montserrat",
        "apellido": "Rojas",
        "asignatura": "Psiquiatría",
        "asistencia_final": "83"
    },
    {
        "notas": {
            "nota1": "6.0",
            "nota2": "6.5",
            "nota3": "6.3"
        },
        "nombre": "Diego",
        "apellido": "Mendoza",
        "asignatura": "Farmacología",
        "asistencia_final": "57"
    },
    {
        "notas": {
            "nota1": "4.5",
            "nota2": "5.0",
            "nota3": "4.2"
        },
        "nombre": "Sofía",
        "apellido": "Álvarez",
        "asignatura": "Biomedicina",
        "asistencia_final": "80"
    },
    {
        "notas": {
            "nota1": "6.5",
            "nota2": "6.0",
            "nota3": "6.8"
        },
        "nombre": "Esteban",
        "apellido": "Martínez",
        "asignatura": "Bioquímica",
        "asistencia_final": "74"
    },
    {
        "notas": {
            "nota1": "5.5",
            "nota2": "5.0",
            "nota3": "5.8"
        },
        "nombre": "Victoria",
        "apellido": "Herrera",
        "asignatura": "Biotecnología",
        "asistencia_final": "69"
    },
    {
        "notas": {
            "nota1": "6.0",
            "nota2": "6.5",
            "nota3": "6.3"
        },
        "nombre": "Roberto",
        "apellido": "Jiménez",
        "asignatura": "Ingeniería Genética",
        "asistencia_final": "56"
    }
]