[
    {
        "Redes y comunicaciones": {
            "mejor_nota": 0.0,
            "rut_alumno": ""
        }
    },
    {
        "calculo integral": {
            "mejor_nota": 0.0,
            "rut_alumno": ""
        }
    },
    {
        "Base de datos aplicada": {
            "mejor_nota": 0.0,
            "rut_alumno": ""
        }
    },
    {
        "Estructura de datos": {
            "mejor_nota": 0.0,
            "rut_alumno": ""
        }
    },
    {
        "Inteligencia de negocio": {
            "mejor_nota": 0.0,
            "rut_alumno": ""
        }
    },
    {
        "Electromagnetismo": {
            "mejor_nota": 0.0,
            "rut_alumno": ""
        }
    },
    {
        "simulacion": {
            "mejor_nota": 0.0,
            "rut_alumno": ""
        }
    },
    {
        "Fundamentos de Programacion": {
            "mejor_nota": 0.0,
            "rut_alumno": ""
        }
    },
    {
        "tesis": {
            "mejor_nota": 0.0,
            "rut_alumno": ""
        }
    },
    {
        "Introduccion al Cloud Computing": {
            "mejor_nota": 0.0,
            "rut_alumno": ""
        }
    },
    {
        "practica": {
            "mejor_nota": 0.0,
            "rut_alumno": ""
        }
    },
    {
        "algebra lineal": {
            "mejor_nota": 0.0,
            "rut_alumno": ""
        }
    },
    {
        "Innovacion": {
            "mejor_nota": 0.0,
            "rut_alumno": ""
        }
    },
    {
        "big data": {
            "mejor_nota": 0.0,
            "rut_alumno": ""
        }
    },
    {
        "programacion web": {
            "mejor_nota": 0.0,
            "rut_alumno": ""
        }
    },
    {
        "mineria de datos": {
            "mejor_nota": 0.0,
            "rut_alumno": ""
        }
    },
    {
        "Integraccion de plataformas": {
            "mejor_nota": 0.0,
            "rut_alumno": ""
        }
    },
    {
        "Automatas": {
            "mejor_nota": 0.0,
            "rut_alumno": ""
        }
    }
]