{
    "cuarto anio": {
        "Redes y comunicaciones": [
            89,
            65,
            52,
            66,
            49,
            79,
            64,
            71,
            45,
            44,
            59,
            79,
            52,
            90,
            81,
            53,
            81,
            82,
            81,
            44
        ],
        "Base de datos aplicada": [
            68,
            53,
            70,
            50,
            46,
            80,
            67,
            57,
            51,
            73,
            43,
            80,
            88,
            83,
            40,
            41,
            88,
            58,
            52,
            75
        ],
        "simulacion": [
            78,
            70,
            71,
            88,
            72,
            61,
            64,
            58,
            64,
            42,
            67,
            75,
            53,
            75,
            58,
            50,
            87,
            68,
            63,
            54
        ]
    },
    "primer anio": {
        "Fundamentos de Programacion": [
            66,
            52,
            54,
            87,
            71,
            71,
            55,
            78,
            79,
            65,
            90,
            52,
            46,
            69,
            51,
            81,
            85,
            68,
            45,
            77
        ],
        "Introduccion al Cloud Computing": [
            68,
            80,
            76,
            64,
            42,
            81,
            78,
            85,
            62,
            62,
            64,
            66,
            41,
            48,
            67,
            87,
            89,
            81,
            82,
            44
        ],
        "Innovacion": [
            83,
            76,
            47,
            45,
            53,
            49,
            73,
            63,
            57,
            77,
            65,
            61,
            86,
            69,
            68,
            59,
            42,
            53,
            66,
            51
        ]
    },
    "quinto anio": {
        "Inteligencia de negocio": [
            43,
            85,
            65,
            75,
            88,
            68,
            81,
            50,
            84,
            49,
            45,
            41,
            67,
            64,
            86,
            44,
            74,
            52,
            57,
            61
        ],
        "Electromagnetismo": [
            88,
            63,
            83,
            89,
            67,
            40,
            75,
            70,
            83,
            62,
            43,
            56,
            81,
            72,
            53,
            70,
            76,
            63,
            42,
            86
        ],
        "big data": [
            46,
            57,
            77,
            71,
            78,
            86,
            44,
            76,
            80,
            82,
            85,
            67,
            45,
            63,
            88,
            64,
            71,
            74,
            80,
            89
        ],
        "mineria de datos": [
            61,
            68,
            75,
            40,
            72,
            74,
            82,
            44,
            88,
            65,
            69,
            77,
            46,
            62,
            57,
            63,
            69,
            59,
            82,
            84
        ]
    },
    "segundo anio": {
        "calculo integral": [
            42,
            82,
            52,
            82,
            52,
            76,
            52,
            76,
            77,
            83,
            78,
            85,
            43,
            73,
            55,
            47,
            82,
            55,
            81,
            70
        ],
        "algebra lineal": [
            60,
            73,
            56,
            56,
            79,
            62,
            72,
            53,
            85,
            54,
            54,
            49,
            49,
            81,
            85,
            90,
            82,
            68,
            67,
            60
        ],
        "Integraccion de plataformas": [
            70,
            62,
            81,
            73,
            68,
            70,
            62,
            49,
            48,
            41,
            53,
            66,
            51,
            52,
            51,
            40,
            83,
            56,
            57,
            80
        ]
    },
    "sexto anio": {
        "tesis": [
            83,
            74,
            78,
            46,
            84,
            49,
            77,
            85,
            47,
            71,
            72,
            90,
            43,
            52,
            72,
            46,
            41,
            54,
            54,
            61
        ],
        "practica": [
            51,
            73,
            67,
            88,
            86,
            49,
            69,
            88,
            55,
            80,
            74,
            69,
            78,
            56,
            86,
            66,
            67,
            61,
            56,
            49
        ]
    },
    "tercer anio": {
        "Estructura de datos": [
            84,
            56,
            43,
            58,
            45,
            75,
            59,
            79,
            59,
            75,
            48,
            44,
            83,
            79,
            74,
            66,
            44,
            76,
            57,
            54
        ],
        "programacion web": [
            68,
            65,
            52,
            71,
            83,
            54,
            90,
            58,
            80,
            78,
            52,
            61,
            80,
            80,
            80,
            89,
            82,
            47,
            48,
            87
        ],
        "Automatas": [
            67,
            73,
            54,
            44,
            55,
            82,
            85,
            58,
            45,
            69,
            46,
            48,
            42,
            86,
            54,
            73,
            73,
            77,
            56,
            71
        ]
    }
}