[{"Redes y comunicaciones": {"mejor_nota": 6.0, "rut_alumno": "599289466"}}, {"calculo integral": {"mejor_nota": 5.77, "rut_alumno": "706117938"}}, {"Base de datos aplicada": {"mejor_nota": 5.87, "rut_alumno": "110253022"}}, {"Estructura de datos": {"mejor_nota": 5.77, "rut_alumno": "024441526"}}, {"Inteligencia de negocio": {"mejor_nota": 5.83, "rut_alumno": "869483949"}}, {"Electromagnetismo": {"mejor_nota": 6.33, "rut_alumno": "823520411"}}, {"simulacion": {"mejor_nota": 5.97, "rut_alumno": "392426416"}}, {"Fundamentos de Programacion": {"mejor_nota": 6.0, "rut_alumno": "573810768"}}, {"tesis": {"mejor_nota": 6.27, "rut_alumno": "967913286"}}, {"Introduccion al Cloud Computing": {"mejor_nota": 5.3, "rut_alumno": "070762882"}}, {"practica": {"mejor_nota": 6.03, "rut_alumno": "234725889"}}, {"algebra lineal": {"mejor_nota": 5.27, "rut_alumno": "962921274"}}, {"Innovacion": {"mejor_nota": 5.0, "rut_alumno": "875918715"}}, {"big data": {"mejor_nota": 5.37, "rut_alumno": "719729473"}}, {"programacion web": {"mejor_nota": 6.1, "rut_alumno": "865477916"}}, {"mineria de datos": {"mejor_nota": 6.8, "rut_alumno": "075402560"}}, {"Integraccion de plataformas": {"mejor_nota": 6.6, "rut_alumno": "297727004"}}, {"Automatas": {"mejor_nota": 6.03, "rut_alumno": "820726056"}}]