{
    "Peque\u00f1o Contribuyente": [
        {
            "rut": "76254347",
            "nombre": "ProgramaSoftware",
            "ventas": 27500000
        },
        {
            "rut": "76077259",
            "nombre": "Calzados Roma",
            "ventas": 15000000
        },
        {
            "rut": "76310792",
            "nombre": "Empresa Arcos",
            "ventas": 80000000
        },
        {
            "rut": "76952980",
            "nombre": "Cafe Express ltda",
            "ventas": 50000000
        },
        {
            "rut": "76081438",
            "nombre": "Vino Export SA",
            "ventas": 20000000
        },
        {
            "rut": "76216578",
            "nombre": "Cepa Merl LTDA",
            "ventas": 30000000
        },
        {
            "rut": "76597875",
            "nombre": "Comercial Ropa America",
            "ventas": 60000000
        },
        {
            "rut": "76852103",
            "nombre": "Empresas JP",
            "ventas": 90000000
        },
        {
            "rut": "76887737",
            "nombre": "Empresas ICata SA",
            "ventas": 100000000
        },
        {
            "rut": "76802048",
            "nombre": "Sandias Paine LTDA",
            "ventas": 70000000
        },
        {
            "rut": "76869382",
            "nombre": "Bar del 81",
            "ventas": 25000000
        },
        {
            "rut": "76877797",
            "nombre": "Empresas LLS",
            "ventas": 8000000
        },
        {
            "rut": "76706124",
            "nombre": "Empresas luz y vida SA",
            "ventas": 3000000
        }
    ],
    "Mediano Contribuyente": [
        {
            "rut": "72642407",
            "nombre": "Comercial Calcetas Runner",
            "ventas": 150000000
        },
        {
            "rut": "76283686",
            "nombre": "Casino Coffe",
            "ventas": 120000000
        },
        {
            "rut": "76210122",
            "nombre": "Buses Pe\u00f1alolen",
            "ventas": 150000000
        },
        {
            "rut": "76162937",
            "nombre": "Empresa Matrix",
            "ventas": 120000000
        }
    ],
    "Gran Contribuyente": [
        {
            "rut": "76437471",
            "nombre": "Reparaci\u00f3n Mac",
            "ventas": 300000000
        },
        {
            "rut": "76575972",
            "nombre": "Modas Junior P",
            "ventas": 400000000
        }
    ]
}