[{"rut": "070967879", "asignatura": "Introduccion al Cloud Computing", "curso": "primer anio", "promedio_alumno": 4.17}, {"rut": "670403817", "asignatura": "Introduccion al Cloud Computing", "curso": "primer anio", "promedio_alumno": 3.43}, {"rut": "170830358", "asignatura": "Introduccion al Cloud Computing", "curso": "primer anio", "promedio_alumno": 5.1}, {"rut": "168507913", "asignatura": "Introduccion al Cloud Computing", "curso": "primer anio", "promedio_alumno": 3.63}, {"rut": "066576959", "asignatura": "Introduccion al Cloud Computing", "curso": "primer anio", "promedio_alumno": 3.53}, {"rut": "647127575", "asignatura": "Introduccion al Cloud Computing", "curso": "primer anio", "promedio_alumno": 3.6}, {"rut": "730898755", "asignatura": "Introduccion al Cloud Computing", "curso": "primer anio", "promedio_alumno": 3.73}, {"rut": "807575959", "asignatura": "Introduccion al Cloud Computing", "curso": "primer anio", "promedio_alumno": 1.77}, {"rut": "609650373", "asignatura": "Introduccion al Cloud Computing", "curso": "primer anio", "promedio_alumno": 3.67}, {"rut": "781005697", "asignatura": "Introduccion al Cloud Computing", "curso": "primer anio", "promedio_alumno": 2.6}, {"rut": "407945514", "asignatura": "Introduccion al Cloud Computing", "curso": "primer anio", "promedio_alumno": 3.83}, {"rut": "262785103", "asignatura": "Introduccion al Cloud Computing", "curso": "primer anio", "promedio_alumno": 4.3}, {"rut": "821953195", "asignatura": "Introduccion al Cloud Computing", "curso": "primer anio", "promedio_alumno": 4.7}, {"rut": "284309767", "asignatura": "Introduccion al Cloud Computing", "curso": "primer anio", "promedio_alumno": 3.73}, {"rut": "070762882", "asignatura": "Introduccion al Cloud Computing", "curso": "primer anio", "promedio_alumno": 5.3}, {"rut": "949663290", "asignatura": "Introduccion al Cloud Computing", "curso": "primer anio", "promedio_alumno": 2.73}, {"rut": "138804432", "asignatura": "Introduccion al Cloud Computing", "curso": "primer anio", "promedio_alumno": 2.37}, {"rut": "736944755", "asignatura": "Introduccion al Cloud Computing", "curso": "primer anio", "promedio_alumno": 4.43}, {"rut": "012541103", "asignatura": "Introduccion al Cloud Computing", "curso": "primer anio", "promedio_alumno": 3.2}, {"rut": "345736257", "asignatura": "Introduccion al Cloud Computing", "curso": "primer anio", "promedio_alumno": 2.73}, {"rut": "891756711", "asignatura": "Fundamentos de Programacion", "curso": "primer anio", "promedio_alumno": 5.47}, {"rut": "829015477", "asignatura": "Fundamentos de Programacion", "curso": "primer anio", "promedio_alumno": 4.37}, {"rut": "077683773", "asignatura": "Fundamentos de Programacion", "curso": "primer anio", "promedio_alumno": 3.97}, {"rut": "219939666", "asignatura": "Fundamentos de Programacion", "curso": "primer anio", "promedio_alumno": 4.23}, {"rut": "124831236", "asignatura": "Fundamentos de Programacion", "curso": "primer anio", "promedio_alumno": 3.13}, {"rut": "536889999", "asignatura": "Fundamentos de Programacion", "curso": "primer anio", "promedio_alumno": 4.97}, {"rut": "573810768", "asignatura": "Fundamentos de Programacion", "curso": "primer anio", "promedio_alumno": 6.0}, {"rut": "456062281", "asignatura": "Fundamentos de Programacion", "curso": "primer anio", "promedio_alumno": 4.13}, {"rut": "877514123", "asignatura": "Fundamentos de Programacion", "curso": "primer anio", "promedio_alumno": 5.87}, {"rut": "218686776", "asignatura": "Fundamentos de Programacion", "curso": "primer anio", "promedio_alumno": 5.07}, {"rut": "684124195", "asignatura": "Fundamentos de Programacion", "curso": "primer anio", "promedio_alumno": 4.23}, {"rut": "323232848", "asignatura": "Fundamentos de Programacion", "curso": "primer anio", "promedio_alumno": 4.83}, {"rut": "536351430", "asignatura": "Fundamentos de Programacion", "curso": "primer anio", "promedio_alumno": 3.43}, {"rut": "065897362", "asignatura": "Fundamentos de Programacion", "curso": "primer anio", "promedio_alumno": 3.6}, {"rut": "713987031", "asignatura": "Fundamentos de Programacion", "curso": "primer anio", "promedio_alumno": 1.77}, {"rut": "493404375", "asignatura": "Fundamentos de Programacion", "curso": "primer anio", "promedio_alumno": 4.4}, {"rut": "640917994", "asignatura": "Fundamentos de Programacion", "curso": "primer anio", "promedio_alumno": 2.53}, {"rut": "635269016", "asignatura": "Fundamentos de Programacion", "curso": "primer anio", "promedio_alumno": 4.53}, {"rut": "974332670", "asignatura": "Fundamentos de Programacion", "curso": "primer anio", "promedio_alumno": 4.5}, {"rut": "670115116", "asignatura": "Fundamentos de Programacion", "curso": "primer anio", "promedio_alumno": 4.6}, {"rut": "428289040", "asignatura": "Innovacion", "curso": "primer anio", "promedio_alumno": 3.63}, {"rut": "484363847", "asignatura": "Innovacion", "curso": "primer anio", "promedio_alumno": 3.5}, {"rut": "639008726", "asignatura": "Innovacion", "curso": "primer anio", "promedio_alumno": 2.37}, {"rut": "553220373", "asignatura": "Innovacion", "curso": "primer anio", "promedio_alumno": 3.57}, {"rut": "000097809", "asignatura": "Innovacion", "curso": "primer anio", "promedio_alumno": 4.17}, {"rut": "921737437", "asignatura": "Innovacion", "curso": "primer anio", "promedio_alumno": 2.67}, {"rut": "277500020", "asignatura": "Innovacion", "curso": "primer anio", "promedio_alumno": 3.87}, {"rut": "245800546", "asignatura": "Innovacion", "curso": "primer anio", "promedio_alumno": 3.57}, {"rut": "241743427", "asignatura": "Innovacion", "curso": "primer anio", "promedio_alumno": 4.83}, {"rut": "490410805", "asignatura": "Innovacion", "curso": "primer anio", "promedio_alumno": 3.63}, {"rut": "875918715", "asignatura": "Innovacion", "curso": "primer anio", "promedio_alumno": 5.0}, {"rut": "209519815", "asignatura": "Innovacion", "curso": "primer anio", "promedio_alumno": 4.97}, {"rut": "890575237", "asignatura": "Innovacion", "curso": "primer anio", "promedio_alumno": 4.3}, {"rut": "324019315", "asignatura": "Innovacion", "curso": "primer anio", "promedio_alumno": 3.8}, {"rut": "894981931", "asignatura": "Innovacion", "curso": "primer anio", "promedio_alumno": 4.23}, {"rut": "517706207", "asignatura": "Innovacion", "curso": "primer anio", "promedio_alumno": 2.37}, {"rut": "643326426", "asignatura": "Innovacion", "curso": "primer anio", "promedio_alumno": 4.3}, {"rut": "093115534", "asignatura": "Innovacion", "curso": "primer anio", "promedio_alumno": 4.43}, {"rut": "448575313", "asignatura": "Innovacion", "curso": "primer anio", "promedio_alumno": 4.3}, {"rut": "093603967", "asignatura": "Innovacion", "curso": "primer anio", "promedio_alumno": 3.47}, {"rut": "332002843", "asignatura": "Integraccion de plataformas", "curso": "segundo anio", "promedio_alumno": 3.5}, {"rut": "723495703", "asignatura": "Integraccion de plataformas", "curso": "segundo anio", "promedio_alumno": 3.43}, {"rut": "782303922", "asignatura": "Integraccion de plataformas", "curso": "segundo anio", "promedio_alumno": 3.7}, {"rut": "922901928", "asignatura": "Integraccion de plataformas", "curso": "segundo anio", "promedio_alumno": 4.4}, {"rut": "396387552", "asignatura": "Integraccion de plataformas", "curso": "segundo anio", "promedio_alumno": 3.73}, {"rut": "102083235", "asignatura": "Integraccion de plataformas", "curso": "segundo anio", "promedio_alumno": 5.57}, {"rut": "646523130", "asignatura": "Integraccion de plataformas", "curso": "segundo anio", "promedio_alumno": 5.4}, {"rut": "752794770", "asignatura": "Integraccion de plataformas", "curso": "segundo anio", "promedio_alumno": 5.73}, {"rut": "987907389", "asignatura": "Integraccion de plataformas", "curso": "segundo anio", "promedio_alumno": 4.9}, {"rut": "470747787", "asignatura": "Integraccion de plataformas", "curso": "segundo anio", "promedio_alumno": 3.37}, {"rut": "934001489", "asignatura": "Integraccion de plataformas", "curso": "segundo anio", "promedio_alumno": 6.23}, {"rut": "578814619", "asignatura": "Integraccion de plataformas", "curso": "segundo anio", "promedio_alumno": 2.93}, {"rut": "061221522", "asignatura": "Integraccion de plataformas", "curso": "segundo anio", "promedio_alumno": 2.73}, {"rut": "490889734", "asignatura": "Integraccion de plataformas", "curso": "segundo anio", "promedio_alumno": 5.5}, {"rut": "347060153", "asignatura": "Integraccion de plataformas", "curso": "segundo anio", "promedio_alumno": 3.33}, {"rut": "297727004", "asignatura": "Integraccion de plataformas", "curso": "segundo anio", "promedio_alumno": 6.6}, {"rut": "762600165", "asignatura": "Integraccion de plataformas", "curso": "segundo anio", "promedio_alumno": 4.4}, {"rut": "796752035", "asignatura": "Integraccion de plataformas", "curso": "segundo anio", "promedio_alumno": 3.63}, {"rut": "379357505", "asignatura": "Integraccion de plataformas", "curso": "segundo anio", "promedio_alumno": 4.7}, {"rut": "874922337", "asignatura": "Integraccion de plataformas", "curso": "segundo anio", "promedio_alumno": 3.1}, {"rut": "262167021", "asignatura": "calculo integral", "curso": "segundo anio", "promedio_alumno": 3.43}, {"rut": "408891194", "asignatura": "calculo integral", "curso": "segundo anio", "promedio_alumno": 4.3}, {"rut": "164086913", "asignatura": "calculo integral", "curso": "segundo anio", "promedio_alumno": 2.67}, {"rut": "501990562", "asignatura": "calculo integral", "curso": "segundo anio", "promedio_alumno": 4.17}, {"rut": "706117938", "asignatura": "calculo integral", "curso": "segundo anio", "promedio_alumno": 5.77}, {"rut": "218930288", "asignatura": "calculo integral", "curso": "segundo anio", "promedio_alumno": 3.7}, {"rut": "499841507", "asignatura": "calculo integral", "curso": "segundo anio", "promedio_alumno": 3.9}, {"rut": "973480322", "asignatura": "calculo integral", "curso": "segundo anio", "promedio_alumno": 2.47}, {"rut": "633863611", "asignatura": "calculo integral", "curso": "segundo anio", "promedio_alumno": 3.3}, {"rut": "144336495", "asignatura": "calculo integral", "curso": "segundo anio", "promedio_alumno": 4.2}, {"rut": "787774405", "asignatura": "calculo integral", "curso": "segundo anio", "promedio_alumno": 1.83}, {"rut": "024463589", "asignatura": "calculo integral", "curso": "segundo anio", "promedio_alumno": 4.37}, {"rut": "077696103", "asignatura": "calculo integral", "curso": "segundo anio", "promedio_alumno": 3.57}, {"rut": "028008012", "asignatura": "calculo integral", "curso": "segundo anio", "promedio_alumno": 4.03}, {"rut": "787691929", "asignatura": "calculo integral", "curso": "segundo anio", "promedio_alumno": 3.2}, {"rut": "635048950", "asignatura": "calculo integral", "curso": "segundo anio", "promedio_alumno": 3.47}, {"rut": "084550862", "asignatura": "calculo integral", "curso": "segundo anio", "promedio_alumno": 5.67}, {"rut": "087328628", "asignatura": "calculo integral", "curso": "segundo anio", "promedio_alumno": 4.77}, {"rut": "529388515", "asignatura": "calculo integral", "curso": "segundo anio", "promedio_alumno": 2.93}, {"rut": "391061764", "asignatura": "calculo integral", "curso": "segundo anio", "promedio_alumno": 1.73}, {"rut": "737621970", "asignatura": "algebra lineal", "curso": "segundo anio", "promedio_alumno": 4.83}, {"rut": "072400786", "asignatura": "algebra lineal", "curso": "segundo anio", "promedio_alumno": 3.4}, {"rut": "346237560", "asignatura": "algebra lineal", "curso": "segundo anio", "promedio_alumno": 2.2}, {"rut": "720898674", "asignatura": "algebra lineal", "curso": "segundo anio", "promedio_alumno": 4.13}, {"rut": "063861553", "asignatura": "algebra lineal", "curso": "segundo anio", "promedio_alumno": 3.47}, {"rut": "638948725", "asignatura": "algebra lineal", "curso": "segundo anio", "promedio_alumno": 4.27}, {"rut": "950886338", "asignatura": "algebra lineal", "curso": "segundo anio", "promedio_alumno": 2.87}, {"rut": "339896999", "asignatura": "algebra lineal", "curso": "segundo anio", "promedio_alumno": 3.9}, {"rut": "792599962", "asignatura": "algebra lineal", "curso": "segundo anio", "promedio_alumno": 3.9}, {"rut": "752712603", "asignatura": "algebra lineal", "curso": "segundo anio", "promedio_alumno": 3.17}, {"rut": "667374560", "asignatura": "algebra lineal", "curso": "segundo anio", "promedio_alumno": 4.43}, {"rut": "386783207", "asignatura": "algebra lineal", "curso": "segundo anio", "promedio_alumno": 3.83}, {"rut": "104608691", "asignatura": "algebra lineal", "curso": "segundo anio", "promedio_alumno": 4.4}, {"rut": "715773592", "asignatura": "algebra lineal", "curso": "segundo anio", "promedio_alumno": 3.17}, {"rut": "764692630", "asignatura": "algebra lineal", "curso": "segundo anio", "promedio_alumno": 4.07}, {"rut": "990751808", "asignatura": "algebra lineal", "curso": "segundo anio", "promedio_alumno": 3.13}, {"rut": "387034024", "asignatura": "algebra lineal", "curso": "segundo anio", "promedio_alumno": 3.27}, {"rut": "962921274", "asignatura": "algebra lineal", "curso": "segundo anio", "promedio_alumno": 5.27}, {"rut": "785444176", "asignatura": "algebra lineal", "curso": "segundo anio", "promedio_alumno": 2.6}, {"rut": "029754127", "asignatura": "algebra lineal", "curso": "segundo anio", "promedio_alumno": 3.63}, {"rut": "341545674", "asignatura": "Estructura de datos", "curso": "tercer anio", "promedio_alumno": 3.33}, {"rut": "386347733", "asignatura": "Estructura de datos", "curso": "tercer anio", "promedio_alumno": 2.9}, {"rut": "462612924", "asignatura": "Estructura de datos", "curso": "tercer anio", "promedio_alumno": 2.67}, {"rut": "056721926", "asignatura": "Estructura de datos", "curso": "tercer anio", "promedio_alumno": 3.67}, {"rut": "990335061", "asignatura": "Estructura de datos", "curso": "tercer anio", "promedio_alumno": 4.27}, {"rut": "088871504", "asignatura": "Estructura de datos", "curso": "tercer anio", "promedio_alumno": 3.53}, {"rut": "457152636", "asignatura": "Estructura de datos", "curso": "tercer anio", "promedio_alumno": 4.63}, {"rut": "376484069", "asignatura": "Estructura de datos", "curso": "tercer anio", "promedio_alumno": 4.3}, {"rut": "621992303", "asignatura": "Estructura de datos", "curso": "tercer anio", "promedio_alumno": 1.57}, {"rut": "576385963", "asignatura": "Estructura de datos", "curso": "tercer anio", "promedio_alumno": 4.8}, {"rut": "512148808", "asignatura": "Estructura de datos", "curso": "tercer anio", "promedio_alumno": 3.1}, {"rut": "151283871", "asignatura": "Estructura de datos", "curso": "tercer anio", "promedio_alumno": 3.23}, {"rut": "773189693", "asignatura": "Estructura de datos", "curso": "tercer anio", "promedio_alumno": 2.0}, {"rut": "048132837", "asignatura": "Estructura de datos", "curso": "tercer anio", "promedio_alumno": 3.77}, {"rut": "899333056", "asignatura": "Estructura de datos", "curso": "tercer anio", "promedio_alumno": 4.17}, {"rut": "161723506", "asignatura": "Estructura de datos", "curso": "tercer anio", "promedio_alumno": 4.53}, {"rut": "024441526", "asignatura": "Estructura de datos", "curso": "tercer anio", "promedio_alumno": 5.77}, {"rut": "754583068", "asignatura": "Estructura de datos", "curso": "tercer anio", "promedio_alumno": 4.3}, {"rut": "134819841", "asignatura": "Estructura de datos", "curso": "tercer anio", "promedio_alumno": 4.43}, {"rut": "569993679", "asignatura": "Estructura de datos", "curso": "tercer anio", "promedio_alumno": 3.37}, {"rut": "820726056", "asignatura": "Automatas", "curso": "tercer anio", "promedio_alumno": 6.03}, {"rut": "663761423", "asignatura": "Automatas", "curso": "tercer anio", "promedio_alumno": 5.87}, {"rut": "007265873", "asignatura": "Automatas", "curso": "tercer anio", "promedio_alumno": 2.4}, {"rut": "159774594", "asignatura": "Automatas", "curso": "tercer anio", "promedio_alumno": 4.3}, {"rut": "286041157", "asignatura": "Automatas", "curso": "tercer anio", "promedio_alumno": 3.47}, {"rut": "762344208", "asignatura": "Automatas", "curso": "tercer anio", "promedio_alumno": 4.63}, {"rut": "728296363", "asignatura": "Automatas", "curso": "tercer anio", "promedio_alumno": 2.63}, {"rut": "325865381", "asignatura": "Automatas", "curso": "tercer anio", "promedio_alumno": 3.73}, {"rut": "782792951", "asignatura": "Automatas", "curso": "tercer anio", "promedio_alumno": 4.7}, {"rut": "811327148", "asignatura": "Automatas", "curso": "tercer anio", "promedio_alumno": 4.53}, {"rut": "047782786", "asignatura": "Automatas", "curso": "tercer anio", "promedio_alumno": 2.47}, {"rut": "689835800", "asignatura": "Automatas", "curso": "tercer anio", "promedio_alumno": 2.33}, {"rut": "101989080", "asignatura": "Automatas", "curso": "tercer anio", "promedio_alumno": 4.23}, {"rut": "497821410", "asignatura": "Automatas", "curso": "tercer anio", "promedio_alumno": 3.2}, {"rut": "555751868", "asignatura": "Automatas", "curso": "tercer anio", "promedio_alumno": 5.5}, {"rut": "108481368", "asignatura": "Automatas", "curso": "tercer anio", "promedio_alumno": 3.03}, {"rut": "254316002", "asignatura": "Automatas", "curso": "tercer anio", "promedio_alumno": 4.47}, {"rut": "465249794", "asignatura": "Automatas", "curso": "tercer anio", "promedio_alumno": 3.53}, {"rut": "927481825", "asignatura": "Automatas", "curso": "tercer anio", "promedio_alumno": 4.17}, {"rut": "217709234", "asignatura": "Automatas", "curso": "tercer anio", "promedio_alumno": 2.1}, {"rut": "543384313", "asignatura": "programacion web", "curso": "tercer anio", "promedio_alumno": 4.63}, {"rut": "175151865", "asignatura": "programacion web", "curso": "tercer anio", "promedio_alumno": 3.33}, {"rut": "364815776", "asignatura": "programacion web", "curso": "tercer anio", "promedio_alumno": 4.33}, {"rut": "619695354", "asignatura": "programacion web", "curso": "tercer anio", "promedio_alumno": 3.57}, {"rut": "733577084", "asignatura": "programacion web", "curso": "tercer anio", "promedio_alumno": 4.7}, {"rut": "865477916", "asignatura": "programacion web", "curso": "tercer anio", "promedio_alumno": 6.1}, {"rut": "585885654", "asignatura": "programacion web", "curso": "tercer anio", "promedio_alumno": 3.77}, {"rut": "064595475", "asignatura": "programacion web", "curso": "tercer anio", "promedio_alumno": 3.27}, {"rut": "966972916", "asignatura": "programacion web", "curso": "tercer anio", "promedio_alumno": 4.4}, {"rut": "563059973", "asignatura": "programacion web", "curso": "tercer anio", "promedio_alumno": 2.6}, {"rut": "482746025", "asignatura": "programacion web", "curso": "tercer anio", "promedio_alumno": 4.73}, {"rut": "584209846", "asignatura": "programacion web", "curso": "tercer anio", "promedio_alumno": 2.6}, {"rut": "239012944", "asignatura": "programacion web", "curso": "tercer anio", "promedio_alumno": 3.47}, {"rut": "949967318", "asignatura": "programacion web", "curso": "tercer anio", "promedio_alumno": 5.67}, {"rut": "645469764", "asignatura": "programacion web", "curso": "tercer anio", "promedio_alumno": 2.23}, {"rut": "233611372", "asignatura": "programacion web", "curso": "tercer anio", "promedio_alumno": 2.8}, {"rut": "790768280", "asignatura": "programacion web", "curso": "tercer anio", "promedio_alumno": 3.17}, {"rut": "721857584", "asignatura": "programacion web", "curso": "tercer anio", "promedio_alumno": 4.03}, {"rut": "828774202", "asignatura": "programacion web", "curso": "tercer anio", "promedio_alumno": 3.67}, {"rut": "016076064", "asignatura": "programacion web", "curso": "tercer anio", "promedio_alumno": 3.67}, {"rut": "392426416", "asignatura": "simulacion", "curso": "cuarto anio", "promedio_alumno": 5.97}, {"rut": "335154091", "asignatura": "simulacion", "curso": "cuarto anio", "promedio_alumno": 2.27}, {"rut": "664606792", "asignatura": "simulacion", "curso": "cuarto anio", "promedio_alumno": 5.33}, {"rut": "106554794", "asignatura": "simulacion", "curso": "cuarto anio", "promedio_alumno": 3.3}, {"rut": "165805934", "asignatura": "simulacion", "curso": "cuarto anio", "promedio_alumno": 5.5}, {"rut": "208619420", "asignatura": "simulacion", "curso": "cuarto anio", "promedio_alumno": 5.0}, {"rut": "205621382", "asignatura": "simulacion", "curso": "cuarto anio", "promedio_alumno": 5.13}, {"rut": "308002880", "asignatura": "simulacion", "curso": "cuarto anio", "promedio_alumno": 3.63}, {"rut": "357450527", "asignatura": "simulacion", "curso": "cuarto anio", "promedio_alumno": 4.97}, {"rut": "384668447", "asignatura": "simulacion", "curso": "cuarto anio", "promedio_alumno": 3.13}, {"rut": "327958066", "asignatura": "simulacion", "curso": "cuarto anio", "promedio_alumno": 5.3}, {"rut": "358103825", "asignatura": "simulacion", "curso": "cuarto anio", "promedio_alumno": 2.97}, {"rut": "305306359", "asignatura": "simulacion", "curso": "cuarto anio", "promedio_alumno": 4.13}, {"rut": "868742657", "asignatura": "simulacion", "curso": "cuarto anio", "promedio_alumno": 4.4}, {"rut": "663855463", "asignatura": "simulacion", "curso": "cuarto anio", "promedio_alumno": 3.2}, {"rut": "249597308", "asignatura": "simulacion", "curso": "cuarto anio", "promedio_alumno": 5.53}, {"rut": "444801245", "asignatura": "simulacion", "curso": "cuarto anio", "promedio_alumno": 3.93}, {"rut": "382890916", "asignatura": "simulacion", "curso": "cuarto anio", "promedio_alumno": 4.37}, {"rut": "562155061", "asignatura": "simulacion", "curso": "cuarto anio", "promedio_alumno": 4.37}, {"rut": "938292837", "asignatura": "simulacion", "curso": "cuarto anio", "promedio_alumno": 5.4}, {"rut": "563222240", "asignatura": "Base de datos aplicada", "curso": "cuarto anio", "promedio_alumno": 4.57}, {"rut": "254208758", "asignatura": "Base de datos aplicada", "curso": "cuarto anio", "promedio_alumno": 4.87}, {"rut": "412128081", "asignatura": "Base de datos aplicada", "curso": "cuarto anio", "promedio_alumno": 3.47}, {"rut": "920015504", "asignatura": "Base de datos aplicada", "curso": "cuarto anio", "promedio_alumno": 5.0}, {"rut": "036702116", "asignatura": "Base de datos aplicada", "curso": "cuarto anio", "promedio_alumno": 3.2}, {"rut": "460148986", "asignatura": "Base de datos aplicada", "curso": "cuarto anio", "promedio_alumno": 4.1}, {"rut": "555429105", "asignatura": "Base de datos aplicada", "curso": "cuarto anio", "promedio_alumno": 4.8}, {"rut": "593937891", "asignatura": "Base de datos aplicada", "curso": "cuarto anio", "promedio_alumno": 4.77}, {"rut": "700268364", "asignatura": "Base de datos aplicada", "curso": "cuarto anio", "promedio_alumno": 4.73}, {"rut": "560421331", "asignatura": "Base de datos aplicada", "curso": "cuarto anio", "promedio_alumno": 3.63}, {"rut": "131295890", "asignatura": "Base de datos aplicada", "curso": "cuarto anio", "promedio_alumno": 4.43}, {"rut": "110253022", "asignatura": "Base de datos aplicada", "curso": "cuarto anio", "promedio_alumno": 5.87}, {"rut": "558384860", "asignatura": "Base de datos aplicada", "curso": "cuarto anio", "promedio_alumno": 4.13}, {"rut": "540097166", "asignatura": "Base de datos aplicada", "curso": "cuarto anio", "promedio_alumno": 4.93}, {"rut": "372738545", "asignatura": "Base de datos aplicada", "curso": "cuarto anio", "promedio_alumno": 3.6}, {"rut": "764067162", "asignatura": "Base de datos aplicada", "curso": "cuarto anio", "promedio_alumno": 4.2}, {"rut": "668249731", "asignatura": "Base de datos aplicada", "curso": "cuarto anio", "promedio_alumno": 3.9}, {"rut": "525438320", "asignatura": "Base de datos aplicada", "curso": "cuarto anio", "promedio_alumno": 3.3}, {"rut": "904779598", "asignatura": "Base de datos aplicada", "curso": "cuarto anio", "promedio_alumno": 2.93}, {"rut": "869427027", "asignatura": "Base de datos aplicada", "curso": "cuarto anio", "promedio_alumno": 4.3}, {"rut": "233183857", "asignatura": "Redes y comunicaciones", "curso": "cuarto anio", "promedio_alumno": 2.37}, {"rut": "048943907", "asignatura": "Redes y comunicaciones", "curso": "cuarto anio", "promedio_alumno": 4.67}, {"rut": "738454747", "asignatura": "Redes y comunicaciones", "curso": "cuarto anio", "promedio_alumno": 3.67}, {"rut": "538594090", "asignatura": "Redes y comunicaciones", "curso": "cuarto anio", "promedio_alumno": 4.5}, {"rut": "599289466", "asignatura": "Redes y comunicaciones", "curso": "cuarto anio", "promedio_alumno": 6.0}, {"rut": "679531174", "asignatura": "Redes y comunicaciones", "curso": "cuarto anio", "promedio_alumno": 3.8}, {"rut": "101959108", "asignatura": "Redes y comunicaciones", "curso": "cuarto anio", "promedio_alumno": 4.77}, {"rut": "923469993", "asignatura": "Redes y comunicaciones", "curso": "cuarto anio", "promedio_alumno": 4.7}, {"rut": "532541512", "asignatura": "Redes y comunicaciones", "curso": "cuarto anio", "promedio_alumno": 5.57}, {"rut": "751097511", "asignatura": "Redes y comunicaciones", "curso": "cuarto anio", "promedio_alumno": 2.77}, {"rut": "418024567", "asignatura": "Redes y comunicaciones", "curso": "cuarto anio", "promedio_alumno": 3.03}, {"rut": "472529365", "asignatura": "Redes y comunicaciones", "curso": "cuarto anio", "promedio_alumno": 2.83}, {"rut": "595981882", "asignatura": "Redes y comunicaciones", "curso": "cuarto anio", "promedio_alumno": 2.4}, {"rut": "631975665", "asignatura": "Redes y comunicaciones", "curso": "cuarto anio", "promedio_alumno": 3.63}, {"rut": "368715517", "asignatura": "Redes y comunicaciones", "curso": "cuarto anio", "promedio_alumno": 5.47}, {"rut": "968648926", "asignatura": "Redes y comunicaciones", "curso": "cuarto anio", "promedio_alumno": 3.63}, {"rut": "955298508", "asignatura": "Redes y comunicaciones", "curso": "cuarto anio", "promedio_alumno": 2.9}, {"rut": "216909503", "asignatura": "Redes y comunicaciones", "curso": "cuarto anio", "promedio_alumno": 3.73}, {"rut": "003289305", "asignatura": "Redes y comunicaciones", "curso": "cuarto anio", "promedio_alumno": 5.07}, {"rut": "875592146", "asignatura": "Redes y comunicaciones", "curso": "cuarto anio", "promedio_alumno": 3.9}, {"rut": "383741313", "asignatura": "Electromagnetismo", "curso": "quinto anio", "promedio_alumno": 2.4}, {"rut": "073358495", "asignatura": "Electromagnetismo", "curso": "quinto anio", "promedio_alumno": 3.6}, {"rut": "048846744", "asignatura": "Electromagnetismo", "curso": "quinto anio", "promedio_alumno": 2.5}, {"rut": "808880234", "asignatura": "Electromagnetismo", "curso": "quinto anio", "promedio_alumno": 3.93}, {"rut": "116452404", "asignatura": "Electromagnetismo", "curso": "quinto anio", "promedio_alumno": 3.97}, {"rut": "280533665", "asignatura": "Electromagnetismo", "curso": "quinto anio", "promedio_alumno": 4.97}, {"rut": "827996733", "asignatura": "Electromagnetismo", "curso": "quinto anio", "promedio_alumno": 4.37}, {"rut": "326126790", "asignatura": "Electromagnetismo", "curso": "quinto anio", "promedio_alumno": 6.2}, {"rut": "555222644", "asignatura": "Electromagnetismo", "curso": "quinto anio", "promedio_alumno": 3.67}, {"rut": "823520411", "asignatura": "Electromagnetismo", "curso": "quinto anio", "promedio_alumno": 6.33}, {"rut": "968454405", "asignatura": "Electromagnetismo", "curso": "quinto anio", "promedio_alumno": 3.77}, {"rut": "502776317", "asignatura": "Electromagnetismo", "curso": "quinto anio", "promedio_alumno": 3.3}, {"rut": "859563887", "asignatura": "Electromagnetismo", "curso": "quinto anio", "promedio_alumno": 4.93}, {"rut": "202931372", "asignatura": "Electromagnetismo", "curso": "quinto anio", "promedio_alumno": 2.93}, {"rut": "195039776", "asignatura": "Electromagnetismo", "curso": "quinto anio", "promedio_alumno": 4.03}, {"rut": "862401267", "asignatura": "Electromagnetismo", "curso": "quinto anio", "promedio_alumno": 3.7}, {"rut": "346626347", "asignatura": "Electromagnetismo", "curso": "quinto anio", "promedio_alumno": 3.6}, {"rut": "480990023", "asignatura": "Electromagnetismo", "curso": "quinto anio", "promedio_alumno": 2.33}, {"rut": "665470011", "asignatura": "Electromagnetismo", "curso": "quinto anio", "promedio_alumno": 4.63}, {"rut": "432115131", "asignatura": "Electromagnetismo", "curso": "quinto anio", "promedio_alumno": 4.43}, {"rut": "459105095", "asignatura": "Inteligencia de negocio", "curso": "quinto anio", "promedio_alumno": 3.23}, {"rut": "658045314", "asignatura": "Inteligencia de negocio", "curso": "quinto anio", "promedio_alumno": 3.63}, {"rut": "257874244", "asignatura": "Inteligencia de negocio", "curso": "quinto anio", "promedio_alumno": 3.43}, {"rut": "488622167", "asignatura": "Inteligencia de negocio", "curso": "quinto anio", "promedio_alumno": 2.17}, {"rut": "869483949", "asignatura": "Inteligencia de negocio", "curso": "quinto anio", "promedio_alumno": 5.83}, {"rut": "077164260", "asignatura": "Inteligencia de negocio", "curso": "quinto anio", "promedio_alumno": 3.33}, {"rut": "241622220", "asignatura": "Inteligencia de negocio", "curso": "quinto anio", "promedio_alumno": 2.77}, {"rut": "058226353", "asignatura": "Inteligencia de negocio", "curso": "quinto anio", "promedio_alumno": 3.63}, {"rut": "754837530", "asignatura": "Inteligencia de negocio", "curso": "quinto anio", "promedio_alumno": 2.0}, {"rut": "970293931", "asignatura": "Inteligencia de negocio", "curso": "quinto anio", "promedio_alumno": 4.73}, {"rut": "672638312", "asignatura": "Inteligencia de negocio", "curso": "quinto anio", "promedio_alumno": 4.23}, {"rut": "908237081", "asignatura": "Inteligencia de negocio", "curso": "quinto anio", "promedio_alumno": 5.37}, {"rut": "993264478", "asignatura": "Inteligencia de negocio", "curso": "quinto anio", "promedio_alumno": 3.7}, {"rut": "489505402", "asignatura": "Inteligencia de negocio", "curso": "quinto anio", "promedio_alumno": 4.07}, {"rut": "269205738", "asignatura": "Inteligencia de negocio", "curso": "quinto anio", "promedio_alumno": 4.43}, {"rut": "053402331", "asignatura": "Inteligencia de negocio", "curso": "quinto anio", "promedio_alumno": 5.03}, {"rut": "531488048", "asignatura": "Inteligencia de negocio", "curso": "quinto anio", "promedio_alumno": 2.57}, {"rut": "256320277", "asignatura": "Inteligencia de negocio", "curso": "quinto anio", "promedio_alumno": 3.97}, {"rut": "233405396", "asignatura": "Inteligencia de negocio", "curso": "quinto anio", "promedio_alumno": 5.1}, {"rut": "851530123", "asignatura": "Inteligencia de negocio", "curso": "quinto anio", "promedio_alumno": 3.03}, {"rut": "331585674", "asignatura": "big data", "curso": "quinto anio", "promedio_alumno": 3.23}, {"rut": "373992344", "asignatura": "big data", "curso": "quinto anio", "promedio_alumno": 4.5}, {"rut": "381714606", "asignatura": "big data", "curso": "quinto anio", "promedio_alumno": 3.07}, {"rut": "430938513", "asignatura": "big data", "curso": "quinto anio", "promedio_alumno": 2.83}, {"rut": "650624786", "asignatura": "big data", "curso": "quinto anio", "promedio_alumno": 2.5}, {"rut": "301267996", "asignatura": "big data", "curso": "quinto anio", "promedio_alumno": 5.2}, {"rut": "019395606", "asignatura": "big data", "curso": "quinto anio", "promedio_alumno": 3.17}, {"rut": "214169925", "asignatura": "big data", "curso": "quinto anio", "promedio_alumno": 4.17}, {"rut": "002514290", "asignatura": "big data", "curso": "quinto anio", "promedio_alumno": 2.77}, {"rut": "719729473", "asignatura": "big data", "curso": "quinto anio", "promedio_alumno": 5.37}, {"rut": "394025911", "asignatura": "big data", "curso": "quinto anio", "promedio_alumno": 2.9}, {"rut": "043649931", "asignatura": "big data", "curso": "quinto anio", "promedio_alumno": 1.73}, {"rut": "128218040", "asignatura": "big data", "curso": "quinto anio", "promedio_alumno": 5.03}, {"rut": "307328471", "asignatura": "big data", "curso": "quinto anio", "promedio_alumno": 4.5}, {"rut": "250559155", "asignatura": "big data", "curso": "quinto anio", "promedio_alumno": 3.17}, {"rut": "258003295", "asignatura": "big data", "curso": "quinto anio", "promedio_alumno": 4.93}, {"rut": "863430943", "asignatura": "big data", "curso": "quinto anio", "promedio_alumno": 5.13}, {"rut": "228038572", "asignatura": "big data", "curso": "quinto anio", "promedio_alumno": 3.13}, {"rut": "054574428", "asignatura": "big data", "curso": "quinto anio", "promedio_alumno": 4.77}, {"rut": "564067185", "asignatura": "big data", "curso": "quinto anio", "promedio_alumno": 4.57}, {"rut": "493838188", "asignatura": "mineria de datos", "curso": "quinto anio", "promedio_alumno": 5.57}, {"rut": "913621229", "asignatura": "mineria de datos", "curso": "quinto anio", "promedio_alumno": 4.5}, {"rut": "428379381", "asignatura": "mineria de datos", "curso": "quinto anio", "promedio_alumno": 5.0}, {"rut": "456298013", "asignatura": "mineria de datos", "curso": "quinto anio", "promedio_alumno": 3.1}, {"rut": "056781276", "asignatura": "mineria de datos", "curso": "quinto anio", "promedio_alumno": 2.8}, {"rut": "916007000", "asignatura": "mineria de datos", "curso": "quinto anio", "promedio_alumno": 4.13}, {"rut": "455830759", "asignatura": "mineria de datos", "curso": "quinto anio", "promedio_alumno": 4.7}, {"rut": "311069231", "asignatura": "mineria de datos", "curso": "quinto anio", "promedio_alumno": 3.0}, {"rut": "893385000", "asignatura": "mineria de datos", "curso": "quinto anio", "promedio_alumno": 3.7}, {"rut": "662752955", "asignatura": "mineria de datos", "curso": "quinto anio", "promedio_alumno": 4.0}, {"rut": "098371020", "asignatura": "mineria de datos", "curso": "quinto anio", "promedio_alumno": 3.8}, {"rut": "548219508", "asignatura": "mineria de datos", "curso": "quinto anio", "promedio_alumno": 2.8}, {"rut": "245526972", "asignatura": "mineria de datos", "curso": "quinto anio", "promedio_alumno": 4.73}, {"rut": "008260731", "asignatura": "mineria de datos", "curso": "quinto anio", "promedio_alumno": 5.67}, {"rut": "283539878", "asignatura": "mineria de datos", "curso": "quinto anio", "promedio_alumno": 3.9}, {"rut": "092076222", "asignatura": "mineria de datos", "curso": "quinto anio", "promedio_alumno": 3.0}, {"rut": "683763301", "asignatura": "mineria de datos", "curso": "quinto anio", "promedio_alumno": 5.03}, {"rut": "075402560", "asignatura": "mineria de datos", "curso": "quinto anio", "promedio_alumno": 6.8}, {"rut": "572783740", "asignatura": "mineria de datos", "curso": "quinto anio", "promedio_alumno": 5.0}, {"rut": "492479569", "asignatura": "mineria de datos", "curso": "quinto anio", "promedio_alumno": 3.3}, {"rut": "763548347", "asignatura": "tesis", "curso": "sexto anio", "promedio_alumno": 4.2}, {"rut": "344087372", "asignatura": "tesis", "curso": "sexto anio", "promedio_alumno": 3.3}, {"rut": "053363874", "asignatura": "tesis", "curso": "sexto anio", "promedio_alumno": 4.23}, {"rut": "850981289", "asignatura": "tesis", "curso": "sexto anio", "promedio_alumno": 2.77}, {"rut": "757880557", "asignatura": "tesis", "curso": "sexto anio", "promedio_alumno": 4.3}, {"rut": "174678688", "asignatura": "tesis", "curso": "sexto anio", "promedio_alumno": 5.07}, {"rut": "989575294", "asignatura": "tesis", "curso": "sexto anio", "promedio_alumno": 5.07}, {"rut": "978178317", "asignatura": "tesis", "curso": "sexto anio", "promedio_alumno": 4.07}, {"rut": "509697433", "asignatura": "tesis", "curso": "sexto anio", "promedio_alumno": 5.27}, {"rut": "999239827", "asignatura": "tesis", "curso": "sexto anio", "promedio_alumno": 1.9}, {"rut": "673565396", "asignatura": "tesis", "curso": "sexto anio", "promedio_alumno": 3.6}, {"rut": "011410908", "asignatura": "tesis", "curso": "sexto anio", "promedio_alumno": 3.9}, {"rut": "458473690", "asignatura": "tesis", "curso": "sexto anio", "promedio_alumno": 5.47}, {"rut": "733436753", "asignatura": "tesis", "curso": "sexto anio", "promedio_alumno": 1.8}, {"rut": "280369085", "asignatura": "tesis", "curso": "sexto anio", "promedio_alumno": 5.6}, {"rut": "967913286", "asignatura": "tesis", "curso": "sexto anio", "promedio_alumno": 6.27}, {"rut": "331065552", "asignatura": "tesis", "curso": "sexto anio", "promedio_alumno": 3.4}, {"rut": "221064390", "asignatura": "tesis", "curso": "sexto anio", "promedio_alumno": 3.1}, {"rut": "339445185", "asignatura": "tesis", "curso": "sexto anio", "promedio_alumno": 4.93}, {"rut": "575652432", "asignatura": "tesis", "curso": "sexto anio", "promedio_alumno": 4.83}, {"rut": "322115041", "asignatura": "practica", "curso": "sexto anio", "promedio_alumno": 3.6}, {"rut": "338741579", "asignatura": "practica", "curso": "sexto anio", "promedio_alumno": 2.97}, {"rut": "075610334", "asignatura": "practica", "curso": "sexto anio", "promedio_alumno": 4.0}, {"rut": "062630115", "asignatura": "practica", "curso": "sexto anio", "promedio_alumno": 4.27}, {"rut": "811294590", "asignatura": "practica", "curso": "sexto anio", "promedio_alumno": 5.33}, {"rut": "361043911", "asignatura": "practica", "curso": "sexto anio", "promedio_alumno": 3.1}, {"rut": "606353328", "asignatura": "practica", "curso": "sexto anio", "promedio_alumno": 5.47}, {"rut": "861792886", "asignatura": "practica", "curso": "sexto anio", "promedio_alumno": 3.53}, {"rut": "270152269", "asignatura": "practica", "curso": "sexto anio", "promedio_alumno": 3.9}, {"rut": "234725889", "asignatura": "practica", "curso": "sexto anio", "promedio_alumno": 6.03}, {"rut": "143919280", "asignatura": "practica", "curso": "sexto anio", "promedio_alumno": 4.43}, {"rut": "236975525", "asignatura": "practica", "curso": "sexto anio", "promedio_alumno": 3.63}, {"rut": "537233343", "asignatura": "practica", "curso": "sexto anio", "promedio_alumno": 2.37}, {"rut": "932094865", "asignatura": "practica", "curso": "sexto anio", "promedio_alumno": 2.83}, {"rut": "316678651", "asignatura": "practica", "curso": "sexto anio", "promedio_alumno": 2.17}, {"rut": "048717045", "asignatura": "practica", "curso": "sexto anio", "promedio_alumno": 4.07}, {"rut": "538738235", "asignatura": "practica", "curso": "sexto anio", "promedio_alumno": 3.27}, {"rut": "342259523", "asignatura": "practica", "curso": "sexto anio", "promedio_alumno": 3.17}, {"rut": "769096435", "asignatura": "practica", "curso": "sexto anio", "promedio_alumno": 4.37}, {"rut": "845107605", "asignatura": "practica", "curso": "sexto anio", "promedio_alumno": 2.97}, {"Base de datos aplicada": {"mejor_nota": 0.0, "rut_alumno": ""}}, {"mineria de datos": {"mejor_nota": 0.0, "rut_alumno": ""}}, {"Redes y comunicaciones": {"mejor_nota": 0.0, "rut_alumno": ""}}, {"Fundamentos de Programacion": {"mejor_nota": 0.0, "rut_alumno": ""}}, {"programacion web": {"mejor_nota": 0.0, "rut_alumno": ""}}, {"algebra lineal": {"mejor_nota": 0.0, "rut_alumno": ""}}, {"Integraccion de plataformas": {"mejor_nota": 0.0, "rut_alumno": ""}}, {"calculo integral": {"mejor_nota": 0.0, "rut_alumno": ""}}, {"Automatas": {"mejor_nota": 0.0, "rut_alumno": ""}}, {"Estructura de datos": {"mejor_nota": 0.0, "rut_alumno": ""}}, {"Innovacion": {"mejor_nota": 0.0, "rut_alumno": ""}}, {"big data": {"mejor_nota": 0.0, "rut_alumno": ""}}, {"tesis": {"mejor_nota": 0.0, "rut_alumno": ""}}, {"simulacion": {"mejor_nota": 0.0, "rut_alumno": ""}}, {"practica": {"mejor_nota": 0.0, "rut_alumno": ""}}, {"Electromagnetismo": {"mejor_nota": 0.0, "rut_alumno": ""}}, {"Inteligencia de negocio": {"mejor_nota": 0.0, "rut_alumno": ""}}, {"Introduccion al Cloud Computing": {"mejor_nota": 0.0, "rut_alumno": ""}}]